{"cameraMode":{"drawMode":0,"name":"Shaded","section":"Shading Mode"},"sceneLighting":true,"audioPlay":false,"sceneViewState":{"m_AlwaysRefresh":false,"showFog":true,"showSkybox":true,"showFlares":true,"showImageEffects":true,"showParticleSystems":true,"showVisualEffectGraphs":true,"m_FxEnabled":true},"in2DMode":false,"pivot":{"x":2.168278694152832,"y":-4.608888149261475,"z":14.112739562988282},"rotation":{"x":0.20467768609523774,"y":0.04842577874660492,"z":-0.010141486302018166,"w":0.9775435924530029},"size":10.090343475341797,"orthographic":false}