{"cameraMode":{"drawMode":0,"name":"Shaded","section":"Shading Mode"},"sceneLighting":true,"audioPlay":false,"sceneViewState":{"m_AlwaysRefresh":false,"showFog":true,"showSkybox":true,"showFlares":true,"showImageEffects":true,"showParticleSystems":true,"showVisualEffectGraphs":true,"m_FxEnabled":true},"in2DMode":false,"pivot":{"x":-8.619613647460938,"y":1.6987954378128052,"z":9.026700973510743},"rotation":{"x":-0.044319842010736468,"y":0.05332811921834946,"z":-0.0023917441722005607,"w":-0.9975674748420715},"size":3.0215609073638918,"orthographic":false}