{"cameraMode":{"drawMode":0,"name":"Shaded","section":"Shading Mode"},"sceneLighting":true,"audioPlay":false,"sceneViewState":{"m_AlwaysRefresh":false,"showFog":true,"showSkybox":true,"showFlares":true,"showImageEffects":true,"showParticleSystems":true,"showVisualEffectGraphs":true,"m_FxEnabled":true},"in2DMode":false,"pivot":{"x":8.754295349121094,"y":-4.290225028991699,"z":12.074541091918946},"rotation":{"x":0.14236536622047425,"y":0.2552203834056854,"z":-0.03802036494016647,"w":0.9555554389953613},"size":10.356557846069336,"orthographic":false}